Address,Amenities,Neighborhood,NeighborhoodLink,PropertyId,PropertyName,PropertyUrl,ReviewScore,VerifiedListing
305-315 E 86th St,"['No Fee Rentals', 'Heat/hot Water Included', 'On-Site Dry Cleaner & Valet', 'Stainless Steel Appliances', 'Two Short Blocks to 4,5,6 Train', 'Indoor Swimming Pool', 'Laundry on Every Floor', 'Private Outdoor Space', 'Renovated', 'One Month Free or OP', 'On-Site Dry Cleaner', 'On-Site Garage', 'Gym and Fitness Center', 'Indoor & Outdoor Seating Area', 'Outdoor Areas', 'Carnegie Hill School District 2', 'Lounge', 'Valet', 'Laundry Facilities', 'Maintenance on site', 'Doorman', 'Elevator', 'Lounge', 'Fitness Center', 'Pool', 'High Speed Internet Access', 'Washer/Dryer', 'Air Conditioning', 'Heating', 'Smoke Free', 'Tub/Shower', 'Dishwasher', 'Disposal', 'Granite Countertops', 'Stainless Steel Appliances', 'Kitchen', 'Microwave', 'Oven', 'Range', 'Refrigerator', 'Freezer', 'Instant Hot Water', 'Hardwood Floors', 'Den']",Yorkville,https://www.apartments.com/yorkville-new-york-ny/,bzg2v49,Yorkshire Towers,https://www.apartments.com/yorkshire-towers-new-york-ny/bzg2v49/,4.8,verified
401 E 34th St,"['River view', 'Valet service', 'White on grey finish package', 'Corner location', 'Entertainment kitchen', 'Resident app', 'Terrace', 'Walnut on black finish package', 'Credit card payments accepted', 'Espresso wood plank flooring', 'On-site ATM', 'Pet friendly', 'Walnut on grey finish package', '6 finish packages', ""Children's playroom"", 'Granite countertops', 'Partition wall divider', 'Refrigerator', 'Sliding glass wall divider', 'Washer/Dryer', 'Deposit free with Rhino', 'Fireplace', 'Grey on grey finish package', 'Stainless steel appliances', 'White on white finish package', 'Grey wood plank flooring', 'High ceilings', 'Walk-In Closets', 'Bicycle storage room', 'Bi-weekly payment program', 'Bookcase divider', 'Lifestyle services powered by Amenify', 'Moving services with Move Matcher', 'Outdoor Lounge', 'Oversized kitchen', 'Smart Home GiGstreem Internet', 'Stackable washer and dryer', 'White appliances', 'Balcony', 'Build credit score with RentTrack', 'Closet built-ins', 'Deck', 'On-site retail', 'Package Service', 'Laundry Facilities', 'Maintenance on site', 'Property Manager on Site', 'Doorman', 'Concierge', 'Furnished Units Available', 'On-Site ATM', 'On-Site Retail', 'Elevator', 'Business Center', 'Clubhouse', 'Lounge', 'Fitness Center', 'Playground', 'High Speed Internet Access', 'Washer/Dryer', 'Fireplace', 'Granite Countertops', 'Stainless Steel Appliances', 'Kitchen', 'Refrigerator', 'High Ceilings', 'Walk-In Closets', 'Deck']",Murray Hill,https://www.apartments.com/murray-hill-new-york-ny/,938hg25,View 34,https://www.apartments.com/view-34-new-york-ny/938hg25/,4.6,verified
20 W 64th St,"['Bamboo Floors', 'Bottochino Bathroom', 'Marble Bathroom', 'Marble Bathrooms', 'Updated Bathroom Finishes', 'Full Marble Bathroom', 'Grey Marble Bathroom', 'Porcelain Tile in Bathroom', 'Stainless Steel Appliance', 'White Tile In Bathroom', 'Laundry on Every Floor', 'Plank Wood Flooring', 'Quartz Countertops', 'Renovated', 'Solar And Black Out Shades', 'White Marble Counter Tops', 'White Oak Floors', 'Granite Countertops/Floors in Kitchen', 'Hardwood Floors', 'Open Kitchen', 'Plank Flooring', 'White Pantry Cabinets', 'Flex 3', 'Green Roof', 'Health Club With Pool', 'Stainless Steel Appliances', 'White Marble Bathroom', 'Wirebrushed Oak Driftwood Plank Wood Flooring', 'Bike Storage', 'Dishwasher', 'Gray Granite Countertops', 'Laundry in Unit', 'Marble Bathooms', 'Microwave', 'Stainless Steel Applicances', 'White Kitchen Cabinets', 'Bamboo Floorings', 'Black Granite Countertops', 'Calacatta Casa Quartz Kitchen Counter Tops & Backs', 'Duplex', 'Grey Marble Bathrooms', 'Hardwood Flooring', 'High Floor', 'Quartz Countertops In Kitchen', 'White Appliances', 'White Marble Bathrooms', 'Black Granite Countertops/floors In Kitchen', 'Full Marble Bathrooms', 'Granite Countertops', 'Led Automated Closet Lighting', 'Valet On-Site', 'Washer/dryer', 'White Appliance', 'White Tile Bathroom With Marble Vanity Top', 'Package Service', 'Laundry Facilities', 'Maintenance on site', 'Doorman', 'Concierge', 'Elevator', 'Lounge', 'Fitness Center', 'Sauna', 'Pool', 'Bicycle Storage', 'Roof Terrace', 'Sundeck', 'Courtyard', 'High Speed Internet Access', 'Washer/Dryer', 'Dishwasher', 'Ice Maker', 'Granite Countertops', 'Stainless Steel Appliances', 'Pantry', 'Kitchen', 'Microwave', 'Hardwood Floors', 'Dining Room']",Lincoln Square,https://www.apartments.com/lincoln-square-new-york-ny/,c5thyge,One Lincoln Plaza,https://www.apartments.com/one-lincoln-plaza-new-york-ny/c5thyge/,0,verified
212 E 125th St,"['Community Lounge', 'Laundry', 'Sundeck', 'Garage', 'Media Room', 'Bike Storage', 'Courtyard', 'Fitness Center', 'Package Service', 'Laundry Facilities', 'Maintenance on site', 'Property Manager on Site', 'Security System', 'Concierge', '24 Hour Access', 'Furnished Units Available', 'Public Transportation', 'Business Center', 'Lounge', 'Fitness Center', 'Sauna', 'Bicycle Storage', 'Sundeck', 'Courtyard', 'Washer/Dryer', 'Air Conditioning', 'Heating', 'Tub/Shower', 'Stainless Steel Appliances', 'Kitchen', 'Range', 'Refrigerator', 'Furnished']",East Harlem,https://www.apartments.com/east-harlem-new-york-ny/,3w6dcsd,Common at The Reserve,https://www.apartments.com/common-at-the-reserve-new-york-ny/3w6dcsd/,0,verified
155 E 31st St,"['Custom Lighting', 'Grey Quartz Counter Tops', 'Heat/hot Water Included', 'White Appliances', 'Bamboo Floors', 'Hardwood Floors', 'Open Kitchen', 'Stainless Steel Appliance', 'Full Marble Bathrooom', 'Health Club With Pool', 'Plank Floors', 'Stainless Steel Appliances', 'W/Terrace', 'Black Granite Countertops/Floors in Kitchen', 'Complimentary Health Club Membership', 'Full Marble Bathroom', 'Granite Countertops', 'Marble Bathroom', 'Quartz Counter Tops', 'Valet On-Site', 'White Appliance', 'White Kitchen Appliances', 'Bike Storage', 'Gray Granite Countertops', 'Grey Granite Counter Tops', 'Laundry on Every Floor', 'Lounge And Sundeck', 'Quartz Countertops', 'Renovated', 'Tiled Bathroom', 'White Kitchen Cabinets', 'Wirebrushed Oak Driftwood Plank Wood Flooring', 'Black Granite Countertops', 'Custom Window Shades', 'Full Marble Bathrooms', 'Parquet Floors', 'Porcelain Tile in Bathroom', 'Private Outdoor Space', 'Gray Quartz Countertops', 'Marble Bathrooms', 'Plank Flooring', 'Private Park', 'Quartz Countertops in Kitchen', 'White Pantry Cabinets', 'White Shaker Style Cabinets', 'Dishwasher', 'Lighted Tray Ceiling', 'Microwave', 'Outdoor Areas', 'Private Terrace', 'With Terrace', 'Package Service', 'Laundry Facilities', 'Controlled Access', 'Maintenance on site', 'Property Manager on Site', 'Doorman', 'Concierge', '24 Hour Access', 'Recycling', 'Dry Cleaning Service', 'Laundry Service', 'Online Services', 'Planned Social Activities', 'Elevator', 'Business Center', 'Lounge', 'Disposal Chutes', 'Conference Rooms', 'Fitness Center', 'Sauna', 'Pool', 'Bicycle Storage', 'Sundeck', 'High Speed Internet Access', 'Air Conditioning', 'Heating', 'Cable Ready', 'Tub/Shower', 'Dishwasher', 'Granite Countertops', 'Stainless Steel Appliances', 'Pantry', 'Kitchen', 'Microwave', 'Instant Hot Water', 'Hardwood Floors']",Kips Bay,https://www.apartments.com/kips-bay-new-york-ny/,q3856xz,Windsor Court,https://www.apartments.com/windsor-court-new-york-ny/q3856xz/,4.8,verified
600 W 58th St,"['Smoke Free Building', 'New Development', 'Roof Deck', 'Bike Storage', 'Package Concierge', 'Walk In Shower', 'Community Events And Outings', 'Outdoor Areas', 'Shuttle Service To Columbus Circle', 'Onsite Management', 'Resident Lounge', 'Concierge', 'On-Site Retail', 'Elevator', 'Lounge', 'Fitness Center', 'Bicycle Storage', 'Roof Terrace', 'Washer/Dryer', 'Air Conditioning', 'Smoke Free', 'Tub/Shower', 'Dishwasher', 'Kitchen', 'Oven', 'Range', 'Refrigerator', 'Deck']",Hell's Kitchen,https://www.apartments.com/hells-kitchen-new-york-ny/,yh2kx5r,FRANK 57 WEST,https://www.apartments.com/frank-57-west-new-york-ny/yh2kx5r/,0,verified
784-792 Columbus Ave,"['Private Outdoor Space', 'Ample Closet Space', 'Lobbies attended 24/7', 'Custom Black Out Shades', 'Custom Closets', 'Granite Kitchen Counters', 'Newly Renovated', 'Renovated', 'Terrace', 'Walk-In Closets', 'Windowed Kitchen', 'Corner Unit', 'Open Kitchen', 'Storage Available', 'Washer Dryer In Unit', 'Den', 'Spacious layouts', 'Tiled shower', 'Beautifully Landscaped sitting area', 'Modern finishes', 'Stainless Steel Appliances', 'Renovated Bathroom', 'Separate Dressing Area', 'Time Warner/Verizon Fios Ready', 'Dog Run', 'Laundry Facilities', 'Maintenance on site', 'Property Manager on Site', 'Doorman', 'Renters Insurance Program', 'Pet Play Area', 'Elevator', 'Fitness Center', 'Playground', 'Courtyard', 'Washer/Dryer', 'Air Conditioning', 'Dishwasher', 'Disposal', 'Microwave', 'Hardwood Floors']",Upper West Side,https://www.apartments.com/upper-west-side-new-york-ny/,xswy1sq,792 Columbus Avenue,https://www.apartments.com/792-columbus-avenue-new-york-ny/xswy1sq/,4.9,verified
160 E 48th St,"['Handicap Accessible', 'Garden', 'On-Site Management', 'Community Wifi', 'Private Outdoor Space', 'Additional Storage', 'Package Acceptance', 'Renovated', 'Bike Storage', 'Courtyard', 'Lounge', 'Laundry Facilities', 'Maintenance on site', 'Property Manager on Site', 'Concierge', 'Planned Social Activities', 'Elevator', 'Lounge', 'Fitness Center', 'Bicycle Storage', 'Courtyard', 'Waterfront', 'Wi-Fi', 'Washer/Dryer', 'Air Conditioning', 'Dishwasher', 'Granite Countertops', 'Microwave', 'Range', 'Hardwood Floors', 'Walk-In Closets', 'Large Bedrooms']",Midtown East,https://www.apartments.com/midtown-east-new-york-ny/,z49x5jx,The Buchanan,https://www.apartments.com/the-buchanan-new-york-ny/z49x5jx/,3.9,verified
546 W 44th St,"['On-Site Management', 'Lounge', 'Washer & Dryer In Unit', 'Garden', 'Picnic/bbq Area', 'Terrace', ""Children's Playroom"", 'Courtyard', 'Voice Intercom', 'Additional Storage', 'Bike Storage', 'Handicap Accessible', 'Alcove', 'Game Room', 'Roof Deck Or Sun Deck', 'Cinema Room', 'Community Wifi', 'Laundry Facilities', 'Maintenance on site', 'Concierge', 'Pet Washing Station', 'Elevator', 'Lounge', 'Fitness Center', 'Bicycle Storage', 'Gameroom', 'Media Center/Movie Theatre', 'Roof Terrace', 'Sundeck', 'Courtyard', 'Wi-Fi', 'Washer/Dryer', 'Air Conditioning', 'Heating', 'Intercom', 'Dishwasher', 'Kitchen', 'Microwave', 'Range', 'Refrigerator', 'Hardwood Floors']",Midtown West,https://www.apartments.com/midtown-west-new-york-ny/,edbpf5p,535 W 43rd Street,https://www.apartments.com/535-w-43rd-street-new-york-ny/edbpf5p/,0,verified
155 E 29th St,"['Granite Countertops', 'Parquet Floors', 'Flex 3', 'Health Club With Pool', 'Quartz Countertops', 'Wirebrushed Oak Driftwood Plank Wood Flooring', 'Marble Bathrooms', 'Porcelain Tile In Bathroom', 'Renovated', 'Stainless Steel Appliance', 'Black Granite Countertops/floors In Kitchen', 'Grey Quartz Counter Tops', 'White Appliance', 'Full Marble Bathroom', 'Marble Bathroom', 'White Shaker Style Cabinets', 'Black Granite Countertops', 'Full Marble Bathrooms', 'White Appliances', 'White Kitchen Cabinets', 'Plank Flooring', 'Stainless Steel Appliances', 'White Pantry Cabinets', 'Gray Quartz Countertops', 'Plank Floors', 'Quartz Countertops In Kitchen', 'Laundry Facilities', 'Maintenance on site', 'Doorman', 'Concierge', 'Elevator', 'Fitness Center', 'Sauna', 'Pool', 'Sundeck', 'High Speed Internet Access', 'Air Conditioning', 'Smoke Free', 'Dishwasher', 'Granite Countertops', 'Stainless Steel Appliances', 'Pantry', 'Kitchen', 'Microwave', 'Hardwood Floors']",Kips Bay,https://www.apartments.com/kips-bay-new-york-ny/,h26j1b1,Biltmore Plaza,https://www.apartments.com/biltmore-plaza-new-york-ny/h26j1b1/,5.0,verified
625 W 57th St,"['Great Closet Space', 'Outdoor Areas', 'Caesar-Stone Counters', 'Designer Fixtures', 'Floor-To-Ceiling Window', 'Floor-To-Ceiling Windows', 'Cove Lighting', 'Energy Star Appliances', 'Juinor 1 Br', 'Oak Floors', 'Private Outdoor Space', 'Corner Residence', 'Dressing Rooms', 'River Views', 'Sleeping Area', 'Solar Shades', 'Custom Cabinetry', 'Renovated', 'Wic', 'New Development', 'Thermal Controls', 'Doorman', 'Elevator', 'Lounge', 'Fitness Center', 'Basketball Court', 'Gameroom', 'Media Center/Movie Theatre', 'Courtyard', 'Grill', 'Washer/Dryer', 'Air Conditioning', 'Wheelchair Accessible (Rooms)', 'Dishwasher', 'Microwave', 'Hardwood Floors', 'Tile Floors', 'Walk-In Closets', 'Balcony']",Hell's Kitchen,https://www.apartments.com/hells-kitchen-new-york-ny/,7tc4rkx,VIA 57 WEST,https://www.apartments.com/via-57-west-new-york-ny/7tc4rkx/,4.9,verified
888 Main St,"['Laundry Facilities', 'Day Care', 'Doorman', 'Video Patrol', 'Trash Pickup - Door to Door', 'Dry Cleaning Service', 'Maid Service', 'Planned Social Activities', 'Elevator', 'Business Center', 'Clubhouse', 'Lounge', 'Fitness Center', 'Pool', 'Playground', 'Tennis Court', 'Gameroom', 'Courtyard', 'High Speed Internet Access', 'Washer/Dryer', 'Air Conditioning', 'Heating', 'Cable Ready', 'Storage Space', 'Wheelchair Accessible (Rooms)', 'Dishwasher', 'Granite Countertops', 'Stainless Steel Appliances', 'Eat-in Kitchen', 'Kitchen', 'Microwave', 'Oven', 'Range', 'Refrigerator', 'Hardwood Floors', 'Vaulted Ceiling', 'Views', 'Walk-In Closets', 'Window Coverings', 'Deck']",New York,https://www.apartments.com/new-york-ny/,9w36sk7,The Octagon,https://www.apartments.com/the-octagon-new-york-ny/9w36sk7/,4.7,verified
525 W 49th St,"['Laundry Facilities', 'Controlled Access', 'Maintenance on site', 'Property Manager on Site', '24 Hour Access', 'Trash Pickup - Curbside', 'Elevator', 'Heating', 'Dishwasher', 'Granite Countertops', 'Kitchen', 'Microwave', 'Oven', 'Refrigerator', 'Hardwood Floors', 'High Ceilings', 'Crown Molding']",Hell's Kitchen,https://www.apartments.com/hells-kitchen-new-york-ny/,v745n5d,525 W 49th St,https://www.apartments.com/525-w-49th-st-new-york-ny/v745n5d/,0,verified
601 W 57th St,"['Health Club', 'Poker Table', 'Floor To Ceiling Windows', 'Laundry On Each Floor', 'Atm', 'Valet', 'Leed Certified Gold', 'Party Room', 'Roof Garden And Lounge', 'Screening Room', 'Billiards Table', 'Corner Windows', 'Grand Lobby', 'Market On-Site', 'Outdoor Areas', 'Private Shuttle', 'Spin Room', 'Bbq Gril', 'Private Terrace', 'Resident Events', 'Stainless Steel Appliances', 'Vending Machines', 'Bike Storage', 'Childrens Playroom', 'Valet Services', 'Yoga And Pilates Class', 'Laundry Facilities', 'Maintenance on site', 'Doorman', 'Elevator', 'Lounge', 'Storage Space', 'Fitness Center', 'Bicycle Storage', 'Storage Space', 'Dishwasher', 'Microwave', 'Hardwood Floors']",Hell's Kitchen,https://www.apartments.com/hells-kitchen-new-york-ny/,6het1tr,The Helena,https://www.apartments.com/the-helena-new-york-ny/6het1tr/,4.9,verified
315 W 57th St,"['Stainless Steel Appliances', 'Parking Garage (Third-Party Operator)', 'Doorman', 'Garden Courtyard', 'Pets Not Permitted', 'Dishwasher', 'Double-Pane Windows', 'Microwave', 'Private Balcony', 'Central AC', 'In-Unit Washer Dryer', 'Flex Walls Allowed', 'Furnished', 'Hardwood Floors', 'Next to Central Park', 'Smoke-Free Building', 'Package Service', 'Laundry Facilities', 'Controlled Access', 'Maintenance on site', 'Property Manager on Site', 'Doorman', 'Concierge', '24 Hour Access', 'On-Site Retail', 'Recycling', 'Online Services', 'Health Club Discount', 'Elevator', 'Storage Space', 'Disposal Chutes', 'Fitness Center', 'Courtyard', 'High Speed Internet Access', 'Air Conditioning', 'Smoke Free', 'Cable Ready', 'Security System', 'Tub/Shower', 'Wheelchair Accessible (Rooms)', 'Dishwasher', 'Kitchen', 'Microwave', 'Range', 'Hardwood Floors', 'Walk-In Closets', 'Window Coverings', 'Patio']",Hell's Kitchen,https://www.apartments.com/hells-kitchen-new-york-ny/,xc7j4tn,Park Towers South,https://www.apartments.com/park-towers-south-new-york-ny/xc7j4tn/,4.8,verified
515 W 51st St,"['Laundry Facilities', 'Doorman', 'High Speed Internet Access', 'Wi-Fi', 'Washer/Dryer', 'Smoke Free', 'Granite Countertops']",Hell's Kitchen,https://www.apartments.com/hells-kitchen-new-york-ny/,w6y2gnj,Avalon Clinton,https://www.apartments.com/avalon-clinton-new-york-ny/w6y2gnj/,5.0,verified
520 W 43rd St,"['Dry Cleaning', 'Laundry In-Unit', 'Terrace', 'Community Wifi', 'Lounge', 'Private Outdoor Space', 'No Fee', 'Valet', 'Yoga Classes for Gym Members', 'Additional Storage', 'Handicap Accessible', 'Package Acceptance', 'Renovated', 'Bike Storage', ""Children's Playroom"", 'Courtyard', 'New Renovations', 'USB Charging Plugs in Select Apartments', '24-Hour Concierge', 'Elevator', 'Picnic/bbq Area', 'Roof Deck Or Sun Deck', 'Gym', 'In-Unit Laundry', 'On-Site Management', 'Package Service', 'Laundry Facilities', 'Maintenance on site', 'Property Manager on Site', 'Concierge', 'Furnished Units Available', 'Recycling', 'Dry Cleaning Service', 'Laundry Service', 'Maid Service', 'Grocery Service', 'Pet Washing Station', 'Key Fob Entry', 'Elevator', 'Lounge', 'Storage Space', 'Disposal Chutes', 'Conference Rooms', 'Fitness Center', 'Bicycle Storage', 'Roof Terrace', 'Sundeck', 'Courtyard', 'High Speed Internet Access', 'Wi-Fi', 'Washer/Dryer', 'Air Conditioning', 'Heating', 'Smoke Free', 'Cable Ready', 'Tub/Shower', 'Dishwasher', 'Granite Countertops', 'Stainless Steel Appliances', 'Kitchen', 'Microwave', 'Range', 'Refrigerator', 'Gas Range', 'Hardwood Floors', 'Dining Room', 'Views', 'Walk-In Closets', 'Furnished', 'Loft Layout', 'Window Coverings', 'Deck']",Midtown West,https://www.apartments.com/midtown-west-new-york-ny/,qf0bvez,The Landon,https://www.apartments.com/the-landon-new-york-ny/qf0bvez/,4.8,verified
100 W 31st St,"['Locker Rooms', 'Spin Studio', 'Yoga Studio', 'Media Room', 'On-Site Resident Manager', 'Game Room', 'Half-Court Basketball', 'Dining Room With Catering Pantry', 'Full-Time Doorman And Concierge', 'Golf Simulator', 'Indoor Pool', 'Library With Fireplace', 'Fitness Center With High-Performance Equipment', 'Doorman', 'Elevator', 'Fitness Center', 'Washer/Dryer', 'Air Conditioning', 'Dishwasher', 'Microwave', 'Hardwood Floors']",Chelsea,https://www.apartments.com/chelsea-new-york-ny/,zls36xz,EOS,https://www.apartments.com/eos-new-york-ny/zls36xz/,4.9,verified
1849 2nd Ave,"['Marble Bathroom', 'Black Granite Countertops/floors In Kitchen', 'White Appliances', 'White Kitchen Cabinets', 'Porcelain Tile In Bathroom', 'Renovated', 'Full Marble Bathroom', 'Valet On-Site', 'Grey Quartz Counter Tops', 'Quartz Countertops', 'Grey Quartz Countertops', 'Health Club With Pool', 'Outdoor Areas', 'Quartz Countertops In Kitchen', 'Lounge With Wifi And 2 Sundecks', 'Plank Flooring', 'Stainless Steel Appliances', 'Updated Bathroom Finishes', 'Package Service', 'Laundry Facilities', 'Property Manager on Site', 'Doorman', 'Concierge', '24 Hour Access', 'On-Site ATM', 'Dry Cleaning Service', 'Maid Service', 'Health Club Discount', 'Elevator', 'Business Center', 'Lounge', 'Multi Use Room', 'Breakfast/Coffee Concierge', 'Fitness Center', 'Sauna', 'Spa', 'Pool', 'Playground', 'Roof Terrace', 'Sundeck', 'Wi-Fi', 'Air Conditioning', 'Heating', 'Intercom', 'Dishwasher', 'Granite Countertops', 'Stainless Steel Appliances', 'Eat-in Kitchen', 'Microwave', 'Oven', 'Refrigerator', 'Freezer', 'Hardwood Floors', 'Views', 'Double Pane Windows']",Yorkville,https://www.apartments.com/yorkville-new-york-ny/,6z0przr,Normandie Court,https://www.apartments.com/normandie-court-new-york-ny/6z0przr/,5.0,verified
150 E 34th St,"['Custom backsplash', 'Recreation Room', 'Home Office Space', 'Spacious Bedrooms', 'Spacious floor plans', 'Bay windows', 'Dazzling views', 'Open kitchen layout', 'Renovated kitchen', '.Bilt Rewards – Earn Points On Rent', 'Breakfast Nook', 'Private terrace', 'Fully Renovated', 'Townhouse layout', 'Stainless steel appliances', 'Stone countertops', 'Package Service', 'Laundry Facilities', 'Maintenance on site', 'Property Manager on Site', 'Doorman', 'Concierge', '24 Hour Access', 'Elevator', 'Lounge', 'Stainless Steel Appliances', 'Kitchen', 'Breakfast Nook', 'Office', 'Recreation Room']",Kips Bay,https://www.apartments.com/kips-bay-new-york-ny/,73ymnfy,Marquis Apartments,https://www.apartments.com/marquis-apartments-new-york-ny/73ymnfy/,4.7,verified
345-395 S South End Ave,"['Walk in closets', 'Breathtaking water and city views', 'Private balcony', '.Bilt Rewards – Earn Points On Rent', 'High ceilings', 'Renovated bathroom', 'Bathrooms with subway tile', 'En-Suite Washer and Dryer', 'Hardwood floors', 'Open kitchen layouts', 'Stainless steel appliances', 'Closed kitchen', 'Fully renovated apartment', 'New custom cabinetry', 'Newly updated windows', 'Ori Expandable Armoire/Work Space', 'Alcove Studio', 'Extra-large floor plan', 'Kitchen with breakfast bar', 'Oversized floor plans and abundant closet space', 'Recently renovated apartment', 'Library', 'Wood floors', 'Breathtaking city views', 'Breathtaking water views', 'Quartz counter tops', 'Renovated kitchen', 'Package Service', 'Laundry Facilities', 'Controlled Access', 'Maintenance on site', 'Property Manager on Site', 'Doorman', 'Concierge', '24 Hour Access', 'Pet Care', 'Elevator', 'Business Center', 'Clubhouse', 'Lounge', 'Fitness Center', 'Sauna', 'Pool', 'Sundeck', 'Waterfront', 'High Speed Internet Access', 'Washer/Dryer', 'Air Conditioning', 'Smoke Free', 'Cable Ready', 'Dishwasher', 'Disposal', 'Stainless Steel Appliances', 'Kitchen', 'Microwave', 'Oven', 'Refrigerator', 'Hardwood Floors', 'Walk-In Closets', 'Balcony']",Battery Park,https://www.apartments.com/battery-park-new-york-ny/,rlcl211,Gateway Battery Park City,https://www.apartments.com/gateway-battery-park-city-new-york-ny/rlcl211/,4.5,verified
1295 5th Ave,"['Bike Storage', 'Community Lounge', 'Concierge', 'Furnished', 'Fitness Center', 'Package Service', 'Laundry Facilities', 'Concierge', 'Furnished Units Available', 'Maid Service', 'Public Transportation', 'Key Fob Entry', 'Lounge', 'Fitness Center', 'Bicycle Storage', 'Wi-Fi', 'Washer/Dryer', 'Air Conditioning', 'Kitchen', 'Instant Hot Water', 'Hardwood Floors', 'Furnished']",East Harlem,https://www.apartments.com/east-harlem-new-york-ny/,qfl5mvw,The Heritage by Common,https://www.apartments.com/the-heritage-by-common-new-york-ny/qfl5mvw/,2.1,verified
95 Wall St,"['Lifestyle services powered by Amenify', 'Wood plank flooring', 'Bookcase divider', 'Matte black hardware', 'Pet friendly (dog and cat)', 'Self cleaning oven', 'Antifog bathroom mirror', 'Dry cleaning service', 'Premium interior', 'Wall Street South view', 'Build credit score with RentTrack', 'Marble countertops', 'Quartz countertops', 'Swiss elm on white finish package', 'Fitwel Certified', 'Recessed lighting', 'Resident app', 'Stainless steel appliances', 'Tile backsplash', 'Deposit free with Rhino', 'Espresso hardwood flooring', 'Espresso on sand finish package', 'Frosted glass wall divider', 'Bike room', 'Closet built-ins', 'East River view', 'Gas stove', 'Moving services with Move Matcher', 'On-site retail', 'Roller shades', 'Controlled-access building', 'Credit card payments accepted', 'Internet powered by GiGstreem', 'Walk-in closet', 'Washer and dryer', 'Laundry Facilities', 'Property Manager on Site', 'Doorman', 'Concierge', 'On-Site Retail', 'Dry Cleaning Service', 'Maid Service', 'Elevator', 'Lounge', 'Multi Use Room', 'Storage Space', 'Fitness Center', 'Basketball Court', 'Sundeck', 'High Speed Internet Access', 'Washer/Dryer', 'Smoke Free', 'Stainless Steel Appliances', 'Oven', 'Refrigerator', 'Quartz Countertops', 'Walk-In Closets']",Seaport,https://www.apartments.com/seaport-new-york-ny/,b815kt8,95 Wall,https://www.apartments.com/95-wall-new-york-ny/b815kt8/,4.9,verified
12 W 44TH St,"['Wi-Fi', 'Laundry Facilities', 'Maintenance on site', '24 Hour Access', 'Public Transportation', 'Elevator', 'Lounge', 'Fitness Center', 'Private Bathroom', 'Roommate Matching', 'Individual Leases Available', 'High Speed Internet Access', 'Wi-Fi', 'Washer/Dryer Hookup', 'Air Conditioning', 'Heating', 'Smoke Free', 'Satellite TV', 'Tub/Shower', 'Kitchen', 'Microwave', 'Oven', 'Refrigerator', 'Freezer', 'Coffee System', 'Hardwood Floors', 'Basement']",Midtown West,https://www.apartments.com/midtown-west-new-york-ny/,nh5b4en,Harrington Co-Living at The Mansfield,https://www.apartments.com/harrington-co-living-at-the-mansfield-new-york-ny/nh5b4en/,5.0,verified
208 E 95th St,"['Wi-Fi', 'Furnished Units Available', 'High Speed Internet Access', 'Wi-Fi', 'Washer/Dryer', 'Heating', 'Smoke Free', 'Dishwasher', 'Stainless Steel Appliances', 'Kitchen', 'Microwave', 'Oven', 'Refrigerator', 'Instant Hot Water', 'Hardwood Floors', 'Furnished']",Yorkville,https://www.apartments.com/yorkville-new-york-ny/,swzc6j5,208 E 95th St,https://www.apartments.com/208-e-95th-st-new-york-ny/swzc6j5/,4.0,verified
116 W 129th St,[],Central Harlem,https://www.apartments.com/central-harlem-new-york-ny/,0pedzv2,WEST 129 STREET,https://www.apartments.com/west-129-street-new-york-ny-unit-5c/0pedzv2/,0,Un-verified
1875 Lexington Ave,"['Wi-Fi', 'Furnished Units Available', 'Elevator', 'High Speed Internet Access', 'Wi-Fi', 'Washer/Dryer', 'Air Conditioning', 'Heating', 'Ceiling Fans', 'Smoke Free', 'Cable Ready', 'Tub/Shower', 'Dishwasher', 'Granite Countertops', 'Stainless Steel Appliances', 'Eat-in Kitchen', 'Kitchen', 'Microwave', 'Oven', 'Range', 'Refrigerator', 'Hardwood Floors', 'Furnished']",East Harlem,https://www.apartments.com/east-harlem-new-york-ny/,885ynw3,1875 Lexington Ave,https://www.apartments.com/1875-lexington-ave-new-york-ny/885ynw3/,0,verified
400 W 61st St,"['Indoor Soccer Field', ""Men's and Women's Locker Rooms"", '30-Foot Rock Climbing Wall', 'Bathrooms available in three palette variations', 'Dog Washing Salon', 'Massage Treatment Rooms', ""Separate Children's Pool"", 'Squash Court', 'Custom roller shades', 'Indoor Half-Pipe Skate Park', 'Steam Rooms', 'Fitness Center', 'Kitchens available in four palette variations', 'Music and Recording Studio', 'Porcelain tile walls and floors in bathrooms', 'Wood floors throughout', 'Dog Training Studio', 'Party Room', 'Polished chrome Grohe fixtures', 'Screening Room / Performance Space', 'Select residences feature private outdoor space', 'Washer & Vented Dryer in every apartment', 'Video and Photography Studio', 'Art Studio', 'Bowling Alley', 'Enclosed Catering Kitchen', 'Garbage disposal', 'Golf Simulator', 'Indoor Playroom for dogs to socialize', 'Pilates Studio', 'Yoga/Barre Studio', 'Boxing Studio', 'Cards Parlor & Lounge', ""Children's Party Room"", ""Dedicated Toddler's Play Area"", 'Indoor Gardening Room', 'Pet Play Area', 'Pet Washing Station', 'Business Center', 'Clubhouse', 'Lounge', 'Multi Use Room', 'Fitness Center', 'Sauna', 'Spa', 'Pool', 'Basketball Court', 'Tennis Court', 'Gameroom', 'Washer/Dryer', 'Dishwasher', 'Disposal', 'Kitchen', 'Microwave', 'Hardwood Floors', 'Walk-In Closets']",Lincoln Square,https://www.apartments.com/lincoln-square-new-york-ny/,ewlwn1n,Two Waterline Square,https://www.apartments.com/two-waterline-square-new-york-ny/ewlwn1n/,4.7,verified
250 W 50th St,"['Walk to Columbus Circle and Rockefeller Center!', 'Affordable Housing Program', 'On-site Parking', 'Internet Lounge with Laptop Tables & WiFi', 'Coming Soon - Terrace w/ bbq grills', 'Premier Location by Times Square & Restaurant Row!', 'Coming Soon - Refreshed Resident Lounge', 'Coming Soon - Expanded Fitness Center', 'Complimentary Package Acceptance Service', 'Expansive Sundeck with Lounge Chairs', 'Laundry Facility w/Card-based System', 'Bright Kitchens with Modern Appliance Package', 'Spacious Closets with Shelving', 'Spectacular Manhattan & Hudson River Views!', 'Coming Soon - Two new fitness studios', 'Restaurant and Food Emporium Located On-site', 'Laundry Facilities', 'Doorman', 'Public Transportation', 'Lounge', 'Courtyard', 'High Speed Internet Access', 'Air Conditioning', 'Cable Ready', 'Dishwasher', 'Microwave', 'Refrigerator', 'Walk-In Closets', 'Furnished', 'Window Coverings']",Times Square,https://www.apartments.com/times-square-new-york-ny/,mwctttj,Avalon Midtown West,https://www.apartments.com/avalon-midtown-west-new-york-ny/mwctttj/,4.9,verified
400 W 42nd St,"['24 Hour Top Floor Fitness Center', 'Short Term', 'Fully Furnished 1 & 2 Bedroom Units', '24 Hour Top Floor Laundry Facility', 'Housekeeping Available Upon Request', 'Package Service', 'Community-Wide WiFi', 'Wi-Fi', 'Laundry Facilities', 'Controlled Access', 'Maintenance on site', 'Property Manager on Site', '24 Hour Access', 'Furnished Units Available', 'On-Site ATM', 'Trash Pickup - Door to Door', 'Key Fob Entry', 'Elevator', 'Lounge', 'Fitness Center', 'Roof Terrace', 'Private Bathroom', 'High Speed Internet Access', 'Wi-Fi', 'Air Conditioning', 'Heating', 'Ceiling Fans', 'Smoke Free', 'Cable Ready', 'Wheelchair Accessible (Rooms)', 'Dishwasher', 'Stainless Steel Appliances', 'Kitchen', 'Microwave', 'Oven', 'Range', 'Refrigerator', 'Freezer', 'Coffee System', 'Hardwood Floors', 'Furnished', 'Double Pane Windows', 'Window Coverings']",Midtown West,https://www.apartments.com/midtown-west-new-york-ny/,c6e9d5d,Pod Pads,https://www.apartments.com/pod-pads-new-york-ny/c6e9d5d/,0,verified
10 Hanover Sq,"['Oak hardwood flooring', 'West facing', 'White appliances', 'Blackout roller shades', 'Build credit score with RentTrack', 'Pet friendly', 'Quartz countertops', 'Smart Home GiGstreem Internet', 'Fitwel Certified', 'Off-site parking', 'White on white finish package', '“10 Hanover Kids” club room', 'Closet built-ins', 'Gas stove', 'Gray wood plank flooring', 'Light maple on marbled finish package', 'Moving services with Move Matcher', 'On-site retail', 'Private terrace', 'Resident activities', 'Resident app', 'Soaking tub', 'Stainless steel appliances', 'Walk-in closet', '2 finish packages', 'Bi-weekly payment program', 'Bookcase divider', 'Catering kitchen', 'Frosted glass wall dividers', 'Granite countertops', 'LED lighting', 'Lifestyle services powered by Amenify', 'Stackable washer and dryer', 'Updated interior', 'Wood plank flooring', 'Bicycle storage', 'Credit card payments accepted', 'East River facing', 'Flex wall', 'White/grey on white finish package', 'Deposit free with Rhino', 'Valet service', 'Package Service', 'Laundry Facilities', 'Maintenance on site', 'Doorman', 'Concierge', 'Furnished Units Available', 'On-Site Retail', 'Elevator', 'Clubhouse', 'Storage Space', 'Conference Rooms', 'Sundeck', 'High Speed Internet Access', 'Washer/Dryer', 'Smoke Free', 'Granite Countertops', 'Stainless Steel Appliances', 'Kitchen', 'Quartz Countertops', 'Walk-In Closets']",Financial District,https://www.apartments.com/financial-district-new-york-ny/,1wxy6j5,10 Hanover Square,https://www.apartments.com/10-hanover-square-new-york-ny/1wxy6j5/,4.8,verified
517 W 113th St,"['Laundry And Live In Super', 'Laundry Facilities', '24 Hour Access', 'Elevator', 'Vintage Building', 'High Speed Internet Access', 'Heating', 'Smoke Free', 'Dishwasher', 'Stainless Steel Appliances', 'Eat-in Kitchen', 'Kitchen', 'Oven', 'Refrigerator', 'Hardwood Floors']",Morningside Heights,https://www.apartments.com/morningside-heights-new-york-ny/,mvdbsxl,517 W 113th St,https://www.apartments.com/517-w-113th-st-new-york-ny/mvdbsxl/,0,verified
525 W 28th St,"['Package Service', 'Laundry Facilities', 'Controlled Access', 'Maintenance on site', 'Property Manager on Site', 'Elevator', 'Fitness Center', 'High Speed Internet Access', 'Washer/Dryer', 'Air Conditioning', 'Wheelchair Accessible (Rooms)', 'Dishwasher', 'Disposal', 'Microwave', 'Walk-In Closets']",West Chelsea,https://www.apartments.com/west-chelsea-new-york-ny/,ylyx58r,AVA High Line,https://www.apartments.com/ava-high-line-new-york-ny/ylyx58r/,5.0,verified
525 Lexington Ave,"['Wi-Fi', 'Laundry Facilities', 'Furnished Units Available', 'Elevator', 'Lounge', 'Sundeck', 'Individual Locking Bedrooms', 'Private Bathroom', 'Roommate Matching', 'Study Lounge', 'Walk To Campus', 'Individual Leases Available', 'High Speed Internet Access', 'Wi-Fi', 'Air Conditioning', 'Heating', 'Tub/Shower', 'Ice Maker', 'Kitchen', 'Microwave', 'Oven', 'Refrigerator', 'Coffee System', 'Carpet', 'Vinyl Flooring', 'Dining Room', 'Furnished']",Midtown East,https://www.apartments.com/midtown-east-new-york-ny/,fze1f2r,FOUND Study Turtle Bay,https://www.apartments.com/found-study-turtle-bay-new-york-ny/fze1f2r/,0,verified
438 E 14th St,"['Landscaped & Furnished Courtyard', 'Stackable Washer/Dyer in unit', 'Landscaped Rooftop Retreat with BBQ Grills', 'Pet Wellness Station', 'Package Service', 'Laundry Facilities', 'Maintenance on site', 'Property Manager on Site', 'Concierge', '24 Hour Access', 'Furnished Units Available', 'Elevator', 'Lounge', 'Fitness Center', 'Courtyard', 'High Speed Internet Access', 'Air Conditioning', 'Heating', 'Dishwasher', 'Microwave', 'Range', 'Refrigerator', 'Walk-In Closets', 'Furnished', 'Window Coverings']",East Village,https://www.apartments.com/east-village-new-york-ny/,sj9w7s4,Eve East Village,https://www.apartments.com/eve-east-village-new-york-ny/sj9w7s4/,0,verified
243 W 109th St,"['High Speed Internet Access', 'Washer/Dryer', 'Heating', 'Smoke Free', 'Microwave', 'Oven', 'Refrigerator', 'Hardwood Floors']",Upper West Side,https://www.apartments.com/upper-west-side-new-york-ny/,7zqh4dw,Private bedroom in 3 bed/1 bath Home,https://www.apartments.com/private-bedroom-in-3-bed-1-bath-home-new-york-ny-unit-b/7zqh4dw/,0,Un-verified
,"['Wi-Fi', 'Air Conditioning', 'Heating', 'Dishwasher', 'Kitchen', 'Microwave', 'Oven', 'Refrigerator', 'Freezer', 'Furnished', 'Laundry Facilities', 'Doorman', 'Elevator', 'Lounge', 'Corporate Suites', 'Fitness Center']",Lincoln Square,https://www.apartments.com/lincoln-square-new-york-ny/,lb3n4tg,160 Riverside Blvd Unit FL10-ID833,https://www.apartments.com/160-riverside-blvd-new-york-ny-unit-fl10-id833/lb3n4tg/,0,Un-verified
301 St Nicholas Ave,"['High Speed Internet Access', 'Washer/Dryer', 'Heating', 'Smoke Free', 'Dishwasher', 'Microwave', 'Oven', 'Refrigerator', 'Hardwood Floors', 'Linen Closet', 'Elevator']",Morningside Heights,https://www.apartments.com/morningside-heights-new-york-ny/,t4ft8d8,Private bedroom in 4 bed/2 bath Home,https://www.apartments.com/private-bedroom-in-4-bed-2-bath-home-new-york-ny-unit-c/t4ft8d8/,0,Un-verified
569 Lexington Ave,"['Package Service', 'Laundry Facilities', 'Controlled Access', 'Maintenance on site', 'Property Manager on Site', '24 Hour Access', 'Furnished Units Available', 'Elevator', 'Lounge', 'Conference Rooms', 'Fitness Center', 'Individual Locking Bedrooms', 'Private Bathroom', 'Study Lounge', 'Walk To Campus', 'Individual Leases Available', 'High Speed Internet Access', 'Wi-Fi', 'Air Conditioning', 'Heating', 'Storage Space', 'Tub/Shower', 'Framed Mirrors', 'Kitchen', 'Microwave', 'Hardwood Floors', 'Dining Room', 'Furnished']",Midtown East,https://www.apartments.com/midtown-east-new-york-ny/,h7zhfj1,FOUND Study Midtown East - Student/Intern,https://www.apartments.com/found-study-midtown-east-student-intern-new-york-ny/h7zhfj1/,0,verified
145 W 58th St,"['doorman', 'hardwood flooring', 'AC', 'Doorman Building', 'Laundry Room', 'Laundry Facilities', 'Doorman', 'Concierge', 'Online Services', 'Elevator', 'High Speed Internet Access', 'Wi-Fi', 'Air Conditioning', 'Heating', 'Smoke Free', 'Cable Ready', 'Tub/Shower', 'Intercom', 'Wheelchair Accessible (Rooms)', 'Dishwasher', 'Stainless Steel Appliances', 'Kitchen', 'Microwave', 'Oven', 'Range', 'Refrigerator', 'Hardwood Floors', 'Tile Floors', 'Crown Molding', 'Views', 'Walk-In Closets', 'Double Pane Windows', 'Large Bedrooms']",Central Park South,https://www.apartments.com/central-park-south-new-york-ny/,dqnhtck,The Meurice,https://www.apartments.com/the-meurice-new-york-ny/dqnhtck/,0,verified
,"['Wi-Fi', 'Washer/Dryer', 'Air Conditioning', 'Heating', 'Dishwasher', 'Kitchen', 'Microwave', 'Oven', 'Refrigerator', 'Freezer', 'Furnished', 'Elevator', 'Corporate Suites']",West Village,https://www.apartments.com/west-village-new-york-ny/,yr56m9s,290 W 12th St Unit FL3-ID762,https://www.apartments.com/290-w-12th-st-new-york-ny-unit-fl3-id762/yr56m9s/,0,Un-verified
,"['Wi-Fi', 'Washer/Dryer', 'Air Conditioning', 'Heating', 'Dishwasher', 'Kitchen', 'Microwave', 'Oven', 'Refrigerator', 'Freezer', 'Furnished', 'Doorman', 'Elevator', 'Lounge', 'Corporate Suites', 'Fitness Center', 'Roof Terrace', 'Balcony']",Yorkville,https://www.apartments.com/yorkville-new-york-ny/,9erbs64,302 E 96th St Unit FL21-ID1175,https://www.apartments.com/302-e-96th-st-new-york-ny-unit-fl21-id1175/9erbs64/,0,Un-verified
,"['Wi-Fi', 'Air Conditioning', 'Heating', 'Dishwasher', 'Kitchen', 'Microwave', 'Oven', 'Refrigerator', 'Freezer', 'Furnished', 'Laundry Facilities', 'Doorman', 'Elevator', 'Lounge', 'Corporate Suites', 'Fitness Center', 'Gameroom']",Financial District,https://www.apartments.com/financial-district-new-york-ny/,qnhjj3y,90 Washington St Unit FL6-ID1093,https://www.apartments.com/90-washington-st-new-york-ny-unit-fl6-id1093/qnhjj3y/,0,Un-verified
100 John St,"['Air Conditioning', 'Dishwasher', 'Hardwood Floors']",Financial District,https://www.apartments.com/financial-district-new-york-ny/,rjtb1b2,100 John Street,https://www.apartments.com/100-john-street-new-york-ny-unit-1617/rjtb1b2/,0,Un-verified
784 Columbus Ave,"['OutdoorArea', 'Air Conditioning', 'Hardwood Floors', 'Furnished', 'Laundry Facilities']",Upper West Side,https://www.apartments.com/upper-west-side-new-york-ny/,cml1wcd,784 Columbus Avenue,https://www.apartments.com/784-columbus-avenue-new-york-ny-unit-7m/cml1wcd/,0,Un-verified
212 E 12th St,"['Air Conditioning', 'Eat-in Kitchen', 'Furnished', 'Laundry Facilities']",East Village,https://www.apartments.com/east-village-new-york-ny/,deh7y6j,212 East 12th Street,https://www.apartments.com/212-east-12th-street-new-york-ny-unit-2b/deh7y6j/,0,Un-verified
,"['Wi-Fi', 'Air Conditioning', 'Heating', 'Dishwasher', 'Kitchen', 'Microwave', 'Oven', 'Refrigerator', 'Freezer', 'Furnished', 'Laundry Facilities', 'Doorman', 'Elevator', 'Corporate Suites', 'Fitness Center', 'Sauna', 'Roof Terrace']",Kips Bay,https://www.apartments.com/kips-bay-new-york-ny/,nwb8bfq,155 E 29th St Unit FL32-ID1119,https://www.apartments.com/155-e-29th-st-new-york-ny-unit-fl32-id1119/nwb8bfq/,0,Un-verified
,"['Wi-Fi', 'Washer/Dryer', 'Air Conditioning', 'Heating', 'Dishwasher', 'Kitchen', 'Microwave', 'Oven', 'Refrigerator', 'Freezer', 'Furnished', 'Corporate Suites', 'Balcony']",Alphabet City,https://www.apartments.com/alphabet-city-new-york-ny/,6pgx08t,60 Avenue B Unit FL2-ID1277,https://www.apartments.com/60-avenue-b-new-york-ny-unit-fl2-id1277/6pgx08t/,0,Un-verified
626 10th Ave,"['Air Conditioning', 'Furnished', 'Laundry Facilities']",Hell's Kitchen,https://www.apartments.com/hells-kitchen-new-york-ny/,vdmh3tf,626 Tenth Avenue,https://www.apartments.com/626-tenth-avenue-new-york-ny-unit-2c/vdmh3tf/,0,Un-verified
165 Attorney St,"['Air Conditioning', 'Hardwood Floors']",Lower East Side,https://www.apartments.com/lower-east-side-new-york-ny/,msm5gwl,165 Attorney Street,https://www.apartments.com/165-attorney-street-new-york-ny-unit-1b/msm5gwl/,0,Un-verified
,"['Dishwasher', 'Hardwood Floors', 'Laundry Service', 'Elevator']",Upper West Side,https://www.apartments.com/upper-west-side-new-york-ny/,bs547n9,206 W 104th St Unit 35,https://www.apartments.com/206-w-104th-st-new-york-ny-unit-35/bs547n9/,0,Un-verified
,[],,,,,https://www.apartments.com/new-york-ny/,0,Un-verified
,"['Wi-Fi', 'Washer/Dryer', 'Air Conditioning', 'Heating', 'Dishwasher', 'Kitchen', 'Microwave', 'Oven', 'Refrigerator', 'Freezer', 'Furnished', 'Corporate Suites']",West Village,https://www.apartments.com/west-village-new-york-ny/,b8rcrp8,120 Christopher St Unit FL3-ID1256,https://www.apartments.com/120-christopher-st-new-york-ny-unit-fl3-id1256/b8rcrp8/,0,Un-verified
,"['Air Conditioning', 'Package Service', 'Laundry Facilities', 'Controlled Access']",Central Harlem,https://www.apartments.com/central-harlem-new-york-ny/,ezf9cxq,35 Central Park N,https://www.apartments.com/35-central-park-n-new-york-ny/ezf9cxq/,0,Un-verified
,"['Air Conditioning', 'Package Service', 'Laundry Facilities', 'Controlled Access']",Morningside Heights,https://www.apartments.com/morningside-heights-new-york-ny/,jfk9p14,2841 Broadway,https://www.apartments.com/2841-broadway-new-york-ny/jfk9p14/,0,Un-verified
,"['SharedYard', 'Wi-Fi', 'Air Conditioning', 'Heating', 'Dishwasher', 'Kitchen', 'Microwave', 'Oven', 'Refrigerator', 'Freezer', 'Furnished', 'Laundry Facilities', 'Doorman', 'Elevator', 'Lounge', 'Corporate Suites', 'Fitness Center', 'Roof Terrace', 'Balcony', 'Garden']",Diamond District,https://www.apartments.com/diamond-district-new-york-ny/,ezgm2xm,235 W 48th St Unit FL22-ID1204,https://www.apartments.com/235-w-48th-st-new-york-ny-unit-fl22-id1204/ezgm2xm/,0,Un-verified
,"['Air Conditioning', 'Package Service', 'Laundry Facilities', 'Controlled Access']",Upper West Side,https://www.apartments.com/upper-west-side-new-york-ny/,rs6rkh1,250 W 104th St,https://www.apartments.com/250-w-104th-st-new-york-ny/rs6rkh1/,0,Un-verified
,"['Wi-Fi', 'Washer/Dryer', 'Air Conditioning', 'Heating', 'Dishwasher', 'Kitchen', 'Microwave', 'Oven', 'Refrigerator', 'Freezer', 'Furnished', 'Corporate Suites', 'Balcony']",Bowery,https://www.apartments.com/bowery-new-york-ny/,j3ws1f5,47 E 1st St Unit FL3-ID1191,https://www.apartments.com/47-e-1st-st-new-york-ny-unit-fl3-id1191/j3ws1f5/,0,Un-verified
,"['Wi-Fi', 'Air Conditioning', 'Heating', 'Dishwasher', 'Kitchen', 'Microwave', 'Oven', 'Refrigerator', 'Freezer', 'Furnished', 'Laundry Facilities', 'Doorman', 'Elevator', 'Corporate Suites', 'Roof Terrace', 'Courtyard']",East Harlem,https://www.apartments.com/east-harlem-new-york-ny/,qkrfmtz,175 E 96th St Unit FL21-ID1072,https://www.apartments.com/175-e-96th-st-new-york-ny-unit-fl21-id1072/qkrfmtz/,0,Un-verified
,"['Air Conditioning', 'Package Service', 'Laundry Facilities', 'Controlled Access', 'Doorman']",Upper West Side,https://www.apartments.com/upper-west-side-new-york-ny/,cm771sf,785 West End Ave,https://www.apartments.com/785-west-end-ave-new-york-ny/cm771sf/,0,Un-verified
2036 2nd Ave,"['High Speed Internet Access', 'Heating', 'Smoke Free', 'Microwave', 'Oven', 'Refrigerator', 'Hardwood Floors', 'Linen Closet']",East Harlem,https://www.apartments.com/east-harlem-new-york-ny/,92qlpq4,Private bedroom in 2 bed/1 bath Home,https://www.apartments.com/private-bedroom-in-2-bed-1-bath-home-new-york-ny-unit-a/92qlpq4/,0,Un-verified
245 W 135th St,"['High Speed Internet Access', 'Heating', 'Smoke Free', 'Dishwasher', 'Eat-in Kitchen', 'Microwave', 'Oven', 'Refrigerator', 'Breakfast Nook', 'Hardwood Floors', 'Furnished']",Central Harlem,https://www.apartments.com/central-harlem-new-york-ny/,r5re5m0,Private bedroom in 5 bed/1 bath Home,https://www.apartments.com/private-bedroom-in-5-bed-1-bath-home-new-york-ny-unit-a/r5re5m0/,0,Un-verified
,['Dishwasher'],Pelham Gardens,https://www.apartments.com/pelham-gardens-bronx-ny/,gws2hpz,1318 Mace Unit Basement,https://www.apartments.com/1318-mace-new-york-ny-unit-basement/gws2hpz/,0,Un-verified
230 W 55th St,"['NewConstruction', 'Air Conditioning', 'Dishwasher', 'Furnished', 'Laundry Facilities']",Central Park South,https://www.apartments.com/central-park-south-new-york-ny/,nlc938p,230 West 55th Street,https://www.apartments.com/230-west-55th-street-new-york-ny-unit-14h/nlc938p/,0,Un-verified
,"['Air Conditioning', 'Package Service', 'Laundry Facilities', 'Controlled Access']",Morningside Heights,https://www.apartments.com/morningside-heights-new-york-ny/,x4hy6dq,1270 Amsterdam Ave,https://www.apartments.com/1270-amsterdam-ave-new-york-ny/x4hy6dq/,0,Un-verified
13 Christopher St,"['Air Conditioning', 'Dishwasher', 'Hardwood Floors', 'Furnished']",West Village,https://www.apartments.com/west-village-new-york-ny/,w3se5vj,13 Christopher Street,https://www.apartments.com/13-christopher-street-new-york-ny-unit-2f/w3se5vj/,0,Un-verified
,"['SharedYard', 'Wi-Fi', 'Air Conditioning', 'Heating', 'Dishwasher', 'Kitchen', 'Microwave', 'Oven', 'Refrigerator', 'Freezer', 'Furnished', 'Laundry Facilities', 'Doorman', 'Elevator', 'Corporate Suites', 'Fitness Center', 'Bicycle Storage', 'Roof Terrace', 'Garden']",Yorkville,https://www.apartments.com/yorkville-new-york-ny/,qrzwemw,200 E 82nd St Unit FL16-ID502,https://www.apartments.com/200-e-82nd-st-new-york-ny-unit-fl16-id502/qrzwemw/,0,Un-verified
,"['Wi-Fi', 'Washer/Dryer', 'Air Conditioning', 'Heating', 'Dishwasher', 'Kitchen', 'Microwave', 'Oven', 'Refrigerator', 'Freezer', 'Furnished', 'Doorman', 'Elevator', 'Lounge', 'Corporate Suites']",Midtown Center,https://www.apartments.com/midtown-center-new-york-ny/,tp7z8r8,15 W 55th St Unit FL8-ID737,https://www.apartments.com/15-w-55th-st-new-york-ny-unit-fl8-id737/tp7z8r8/,0,Un-verified
,"['Washer/Dryer', 'Dishwasher', 'Microwave', 'Laundry Facilities']",East Harlem,https://www.apartments.com/east-harlem-new-york-ny/,6sk17mv,16 E 116th St Unit 2A,https://www.apartments.com/16-e-116th-st-new-york-ny-unit-2a/6sk17mv/,0,Un-verified
15 W 107th St,"['High Speed Internet Access', 'Heating', 'Smoke Free', 'Microwave', 'Oven', 'Refrigerator', 'Hardwood Floors', 'Furnished', 'Courtyard']",Upper West Side,https://www.apartments.com/upper-west-side-new-york-ny/,7k3zkwy,15 West 107th Street,https://www.apartments.com/15-west-107th-street-new-york-ny-unit-1/7k3zkwy/,0,Un-verified
,"['Wi-Fi', 'Air Conditioning', 'Heating', 'Dishwasher', 'Kitchen', 'Microwave', 'Oven', 'Refrigerator', 'Freezer', 'Furnished', 'Laundry Facilities', 'Doorman', 'Elevator', 'Corporate Suites', 'Fitness Center', 'Balcony']",Chelsea,https://www.apartments.com/chelsea-new-york-ny/,zcngs7w,360 W 34th St Unit FL3-ID529,https://www.apartments.com/360-w-34th-st-new-york-ny-unit-fl3-id529/zcngs7w/,0,Un-verified
30 Park Ave,"['Air Conditioning', 'Dishwasher', 'Furnished', 'Laundry Facilities', 'Storage Space']",Empire State Building,https://www.apartments.com/empire-state-building-new-york-ny/,mybkj2j,30 Park AVE,https://www.apartments.com/30-park-ave-new-york-ny-unit-15m/mybkj2j/,0,Un-verified
707 W 171st St,"['Air Conditioning', 'Dishwasher', 'Eat-in Kitchen', 'Hardwood Floors']",Washington Heights,https://www.apartments.com/washington-heights-new-york-ny/,1ykmds7,707 West 171st Street,https://www.apartments.com/707-west-171st-street-new-york-ny-unit-a/1ykmds7/,0,Un-verified
,"['Wi-Fi', 'Air Conditioning', 'Heating', 'Dishwasher', 'Kitchen', 'Microwave', 'Oven', 'Refrigerator', 'Freezer', 'Furnished', 'Laundry Facilities', 'Doorman', 'Elevator', 'Lounge', 'Corporate Suites', 'Fitness Center', 'Gameroom', 'Roof Terrace']",Upper West Side,https://www.apartments.com/upper-west-side-new-york-ny/,tt0stqc,212 W 91st St Unit FL5-ID679,https://www.apartments.com/212-w-91st-st-new-york-ny-unit-fl5-id679/tt0stqc/,0,Un-verified
620 W 42nd St,"['Dishwasher', 'Fitness Center']",East Flatbush,https://www.apartments.com/east-flatbush-brooklyn-ny/,rbpnhn3,WEST 42ND STREET,https://www.apartments.com/west-42nd-street-new-york-ny/rbpnhn3/,0,Un-verified
,"['SharedYard', 'Wi-Fi', 'Air Conditioning', 'Heating', 'Dishwasher', 'Kitchen', 'Microwave', 'Oven', 'Refrigerator', 'Freezer', 'Furnished', 'Laundry Facilities', 'Doorman', 'Elevator', 'Lounge', 'Corporate Suites', 'Fitness Center', 'Bicycle Storage', 'Roof Terrace', 'Grill', 'Garden']",Battery Park,https://www.apartments.com/battery-park-new-york-ny/,hwct6e0,400 Chambers St Unit FL26-ID291,https://www.apartments.com/400-chambers-st-new-york-ny-unit-fl26-id291/hwct6e0/,0,Un-verified
515 W 168th St,"['Air Conditioning', 'Dishwasher', 'Hardwood Floors']",Washington Heights,https://www.apartments.com/washington-heights-new-york-ny/,l8dmp5e,515 West 168th Street,https://www.apartments.com/515-west-168th-street-new-york-ny-unit-1k/l8dmp5e/,0,Un-verified
165 E 89th St,"['Air Conditioning', 'Furnished', 'Laundry Facilities']",Upper East Side,https://www.apartments.com/upper-east-side-new-york-ny/,qv9qr0z,165 East 89th Street,https://www.apartments.com/165-east-89th-street-new-york-ny-unit-2k/qv9qr0z/,0,Un-verified
271 W 47th St,"['OutdoorArea', 'Washer/Dryer', 'Air Conditioning', 'Dishwasher', 'Dining Room', 'Furnished', 'Laundry Facilities']",Times Square,https://www.apartments.com/times-square-new-york-ny/,rk2dtd0,271 W 47th St,https://www.apartments.com/271-w-47th-st-new-york-ny-unit-5a/rk2dtd0/,0,Un-verified
80 N Moore St,"['Washer/Dryer', 'Air Conditioning', 'Dishwasher', 'Eat-in Kitchen', 'Hardwood Floors', 'Dining Room', 'Waterfront']",Tribeca,https://www.apartments.com/tribeca-new-york-ny/,wcq4ckh,Urban Elegance: Chic Tribeca Apartments Em...,https://www.apartments.com/urban-elegance-chic-tribeca-apartments-em-new-york-ny-unit-24e/wcq4ckh/,0,Un-verified
301 St Nicholas Ave,"['High Speed Internet Access', 'Washer/Dryer', 'Heating', 'Smoke Free', 'Dishwasher', 'Microwave', 'Oven', 'Refrigerator', 'Hardwood Floors', 'Linen Closet', 'Elevator']",Morningside Heights,https://www.apartments.com/morningside-heights-new-york-ny/,75fcmqx,Private bedroom in 4 bed/2 bath Home,https://www.apartments.com/private-bedroom-in-4-bed-2-bath-home-new-york-ny-unit-d/75fcmqx/,0,Un-verified
,"['Wi-Fi', 'Air Conditioning', 'Heating', 'Dishwasher', 'Kitchen', 'Microwave', 'Oven', 'Refrigerator', 'Freezer', 'Furnished', 'Laundry Facilities', 'Doorman', 'Elevator', 'Lounge', 'Corporate Suites', 'Fitness Center', 'Bicycle Storage']",Upper West Side,https://www.apartments.com/upper-west-side-new-york-ny/,gxrx8pz,180 Riverside Blvd Unit FL17-ID846,https://www.apartments.com/180-riverside-blvd-new-york-ny-unit-fl17-id846/gxrx8pz/,0,Un-verified
,"['Air Conditioning', 'Package Service', 'Laundry Facilities', 'Controlled Access']",Carnegie Hill,https://www.apartments.com/carnegie-hill-new-york-ny/,ndggzpm,1225 Park Ave,https://www.apartments.com/1225-park-ave-new-york-ny/ndggzpm/,0,Un-verified
,"['Wi-Fi', 'Air Conditioning', 'Heating', 'Dishwasher', 'Kitchen', 'Microwave', 'Oven', 'Refrigerator', 'Freezer', 'Furnished', 'Laundry Facilities', 'Doorman', 'Elevator', 'Corporate Suites', 'Fitness Center']",Garment District,https://www.apartments.com/garment-district-new-york-ny/,ct6k6td,488 7th Ave Unit FL12-ID774,https://www.apartments.com/488-7th-ave-new-york-ny-unit-fl12-id774/ct6k6td/,0,Un-verified
405 Main St,"['Washer/Dryer', 'Dishwasher', 'Fitness Center']",New York,https://www.apartments.com/new-york-ny/,3dfmf8g,MAIN STREET,https://www.apartments.com/main-street-new-york-ny/3dfmf8g/,0,Un-verified
600 W 196th St,"['Air Conditioning', 'Hardwood Floors']",Fort George,https://www.apartments.com/fort-george-new-york-ny/,h7twbq2,600 West 196th Street,https://www.apartments.com/600-west-196th-street-new-york-ny-unit-5e/h7twbq2/,0,Un-verified
,"['Wi-Fi', 'Air Conditioning', 'Heating', 'Dishwasher', 'Kitchen', 'Microwave', 'Oven', 'Refrigerator', 'Freezer', 'Furnished', 'Doorman', 'Elevator', 'Corporate Suites', 'Fitness Center', 'Roof Terrace', 'Courtyard', 'Grill']",Union Square,https://www.apartments.com/union-square-new-york-ny/,h67q502,1 Union Square South Unit FL15-ID731,https://www.apartments.com/1-union-square-south-new-york-ny-unit-fl15-id731/h67q502/,0,Un-verified
518 W 204th St,"['Air Conditioning', 'Dishwasher', 'Hardwood Floors']",Inwood,https://www.apartments.com/inwood-new-york-ny/,fxgsycr,518 West 204th Street,https://www.apartments.com/518-west-204th-street-new-york-ny-unit-31/fxgsycr/,0,Un-verified
222 E 34th St,"['Air Conditioning', 'Dishwasher', 'Furnished', 'Laundry Facilities']",Kips Bay,https://www.apartments.com/kips-bay-new-york-ny/,jdy6495,222 East 34th Street,https://www.apartments.com/222-east-34th-street-new-york-ny-unit-918/jdy6495/,0,Un-verified
,"['Wi-Fi', 'Air Conditioning', 'Heating', 'Dishwasher', 'Kitchen', 'Microwave', 'Oven', 'Refrigerator', 'Freezer', 'Furnished', 'Corporate Suites']",West Village,https://www.apartments.com/west-village-new-york-ny/,77gcjmx,51 Leroy St Unit FL2-ID888,https://www.apartments.com/51-leroy-st-new-york-ny-unit-fl2-id888/77gcjmx/,0,Un-verified
,"['Wi-Fi', 'Air Conditioning', 'Heating', 'Dishwasher', 'Kitchen', 'Microwave', 'Oven', 'Refrigerator', 'Freezer', 'Furnished', 'Laundry Facilities', 'Doorman', 'Elevator', 'Corporate Suites', 'Fitness Center']",Chelsea,https://www.apartments.com/chelsea-new-york-ny/,dd1y6ph,360 W 34th St. Unit FL12-ID230,https://www.apartments.com/360-w-34th-st-new-york-ny-unit-fl12-id230/dd1y6ph/,0,Un-verified
2406 Frederick Douglass Blvd,"['High Speed Internet Access', 'Washer/Dryer', 'Heating', 'Smoke Free', 'Dishwasher', 'Microwave', 'Oven', 'Refrigerator', 'Hardwood Floors', 'Linen Closet', 'Furnished', 'Elevator']",Central Harlem,https://www.apartments.com/central-harlem-new-york-ny/,xd9j54n,Private bedroom in 4 bed/2 bath Home,https://www.apartments.com/private-bedroom-in-4-bed-2-bath-home-new-york-ny-unit-b/xd9j54n/,0,Un-verified
,"['Wi-Fi', 'Air Conditioning', 'Heating', 'Dishwasher', 'Kitchen', 'Microwave', 'Oven', 'Refrigerator', 'Freezer', 'Furnished', 'Laundry Facilities', 'Doorman', 'Elevator', 'Corporate Suites', 'Fitness Center']",Midtown Center,https://www.apartments.com/midtown-center-new-york-ny/,3rtlt6e,150 E 57th St Unit FL20-ID465,https://www.apartments.com/150-e-57th-st-new-york-ny-unit-fl20-id465/3rtlt6e/,0,Un-verified
225 E 63rd St,"['Air Conditioning', 'Dining Room', 'Furnished']",Lenox Hill,https://www.apartments.com/lenox-hill-new-york-ny/,4r1n04l,225 E 63rd ST,https://www.apartments.com/225-e-63rd-st-new-york-ny-unit-1c/4r1n04l/,0,Un-verified
,"['SharedYard', 'Wi-Fi', 'Air Conditioning', 'Heating', 'Dishwasher', 'Kitchen', 'Microwave', 'Oven', 'Refrigerator', 'Freezer', 'Furnished', 'Laundry Facilities', 'Doorman', 'Elevator', 'Lounge', 'Corporate Suites', 'Fitness Center', 'Bicycle Storage', 'Roof Terrace', 'Grill', 'Garden']",Tribeca,https://www.apartments.com/tribeca-new-york-ny/,yqzpctv,105 Duane St Unit FL20-ID183,https://www.apartments.com/105-duane-st-new-york-ny-unit-fl20-id183/yqzpctv/,0,Un-verified
,"['Air Conditioning', 'Package Service', 'Laundry Facilities', 'Controlled Access']",Central Queens,https://www.apartments.com/central-queens-ridgewood-ny/,hzy9e70,1708 Stanhope St,https://www.apartments.com/1708-stanhope-st-new-york-ny/hzy9e70/,0,Un-verified
,"['SharedYard', 'Wi-Fi', 'Air Conditioning', 'Heating', 'Dishwasher', 'Kitchen', 'Microwave', 'Oven', 'Refrigerator', 'Freezer', 'Furnished', 'Laundry Facilities', 'Doorman', 'Elevator', 'Corporate Suites', 'Fitness Center', 'Playground', 'Bicycle Storage', 'Basketball Court', 'Courtyard', 'Grill', 'Balcony', 'Garden']",Kips Bay,https://www.apartments.com/kips-bay-new-york-ny/,px1j6ft,520 2nd Ave Unit FL22-ID666,https://www.apartments.com/520-2nd-ave-new-york-ny-unit-fl22-id666/px1j6ft/,0,Un-verified
145 Mulberry St,"['Air Conditioning', 'Furnished', 'Laundry Facilities']",Little Italy,https://www.apartments.com/little-italy-new-york-ny/,fxrgsmr,145 Mulberry Street,https://www.apartments.com/145-mulberry-street-new-york-ny-unit-3c/fxrgsmr/,0,Un-verified
94 St Marks Pl,"['High Speed Internet Access', 'Washer/Dryer', 'Heating', 'Smoke Free', 'Dishwasher', 'Microwave', 'Oven', 'Refrigerator', 'Hardwood Floors', 'Linen Closet', 'Furnished']",East Village,https://www.apartments.com/east-village-new-york-ny/,dxzy0dk,Private bedroom in 5 bed/2 bath Home,https://www.apartments.com/private-bedroom-in-5-bed-2-bath-home-new-york-ny-unit-b/dxzy0dk/,0,Un-verified
,[],,,,,https://www.apartments.com/new-york-ny/,0,Un-verified
1803 Riverside Dr,"['Air Conditioning', 'Dishwasher', 'Eat-in Kitchen', 'Hardwood Floors', 'Laundry Facilities']",Fort George,https://www.apartments.com/fort-george-new-york-ny/,ekpw5ep,1803 Riverside Drive,https://www.apartments.com/1803-riverside-drive-new-york-ny-unit-3e/ekpw5ep/,0,Un-verified
338 E 100th St,"['OutdoorArea', 'Air Conditioning', 'Dishwasher', 'Hardwood Floors']",East Harlem,https://www.apartments.com/east-harlem-new-york-ny/,ksx9ev8,338 E 100th St,https://www.apartments.com/338-e-100th-st-new-york-ny-unit-3c/ksx9ev8/,0,Un-verified
,"['Hardwood Floors', 'Maintenance on site', 'Laundry Service', 'Elevator', 'Bicycle Storage']",Upper West Side,https://www.apartments.com/upper-west-side-new-york-ny/,503pe4p,295 Central Park West Unit 2F,https://www.apartments.com/295-central-park-west-new-york-ny-unit-2f/503pe4p/,0,Un-verified
